Protein_ID,Sequence
BAJ51806.1,MDAYATLSELYGADLAEAQRAIEAEAYEVGAARFLAAMEAKAERGEGADTKVARPLIADLVPKVQAGIEEFLALTQSGKAGRRHAAAKFLSQVSVERAAFITLRCILNAMTQTSGGSGSSKVPTVISVTMAIGHDMEDEARFGRMRDENQKHFDARIAPAIAQRSGDHFKRAYARAVEVAMQDAGELDEWDGWSNQERAAVGLKLVEIVIQSTGLIELKQEHKGDPKRHRVVVEITDQYAEWLAKRTHTLADMTPAYAPCVVPPKPWINHRAGGYWFNEDKAPLMLVRGSPKRNRRYRDVDLTKVLASLNAIQNTPWTINKRVLEVAEQVAQWENPPVKKMPSHVTLEKPERLDEMDEDEAVLKQWKKQAALAYRKEKARRSRRYQLETSLFQARKYAGFERLWFPYSLDFRGRIYAATKFSPQGQDLDKALLLFADAPEIGVGGEFWLRMHLANTGGMDKATMEERIQWTKDNEEMILAVAANPLDCLWWATDADSPFCFLAAAFEYANWKAIGPSYRCGLAIAFDGSCSGIQHFSAMLRDEIGGKAVNLIPSEKPSDIYRIVSDKVNKVLLKDLADGTADYTDTITDKETGEITERPRRGTKTLARHWMDYKVTRSVTKRSVMTLPYGSKKYGFTDQLFEDIVQPANDERPDTFPAPSEACSYMAGLIWDALGTTVVAAVEAMAWLQKVAVILVGEGMPCHWVTPAGFPVWQEYRKTDAHRIDTVICGNIRITMTVNKSESQGGQKPLDRHKQQNGISPNFVHSMDASHMMLTCLAASQNGVQHFATIHDSFGTAPGLAGVMFQTVREVMVETYSSRDVIQDFYTTFDSLLSPDARDKIPAFPAKGNLDLSQILSSQYCFA
BAQ94189.1,MKLLEIMPTYKDQVQTEKMSAERGMNRTNKRRLSHIERGEESVTSYGKVIVATTVRPLAIAIAEWIKETDKNVHSKPPIALQYISQIDPLITSLITAKHVINTITTTQKVTSTAITLGGRIETEISLKNFKSLNPELYETTKRDLDKRSWNYAYKRRKLREQAKRDNVMNWQEWSTTERLHVGIQLLDLLVVHTGLVEIGTDQVKHKTFKVIRQTAKTKEWIDNRNQFNELLNPEYLPMVMPPKSVVDGKVTGHGYWTAEMPELDLVKQKGKKFIKELEGHAMPEVTNAVNLMQSTAYKINHFILKVMQNAWDKSLSIGGMPPIENLQTPNKPHDIDTNPEALKKFKKESVIVHTENNRMASKRMLYAKILWLADLFKNYATLYFPLQLDFRGRAYCVPAFLNYQSINGAKALLNFSKGKAITKENRGVFWLAVHGSNMWGNDKVSLEDREKWTIDNQDWIKKCAEDPIGNRQWEDADNAFQFLAFCDEWNRYTQTGDGFISYIPVNVDGSCNGLQIYSLLLKDEVAGKLVNCLPSEIPQDIYQLVANEVIKTLKVKATEGDPMAQKWLDYGVKRSTCKRPIMTICYGSTRYSCTDFVVEDLTKRKDKGEMHPFDDMFKPATYLAKIIWDSIGENLKSARVGMDYLQNNARVIAKEGVPIHWVTPVGFPVYQYYPEMKSKRVCSHLMGEVFAPQIKVEKDETDKLRSRNAVAANYVHSLDSACMVRTVNIAKEKGIENFCNVHDSFATHACDIDKLNESIREAFVGIFKQNLLSSFKLDVGLQLDTETKEKLPAIPESGNLELDLLHKSKFFFA
BAG70384.1,MQRGRARARSMLERNEQAGRADNNPYATALYRQYVLPLRDLITSTIELHKTKAGRHGAHVSLLKQVDPAVAAYIAVRTAITVLLAGAANSARALSNHIGLSIQREVTLAGFEISNPDLFWEVSHDLDRRHSKASQHRYAALMGAARNKEIELPMWGVGDREQIGSWMLETLRTLGMVEVLHHKEWNRGKMRERIEASLSEDAMHTVQRISGLVELTMPLHMPCIEPPKPWTSLNEGGYHSKEMRYIMPHCVVMRHVKSPALLDELRAHNWGTVLTAINALQQTAWQINGEMLQTILTVAKHHNMDEIVSQAESPKPGKPDWLADDMKKEDMDEDQLREFHMWKREMAQWHTDRKLQGTKWGRFYTATRVANEMKDYESIYFTYQADFRGRLYAQTTGVSPQGSDLQKSLLRFAKGLPLGTDAAVQWFKINGANRFGVDKVPYAERIAWVDEHAARIIAMADDPVSNFGWAEADSPLQFLAWAKEFARWKRDPANFVSQIAVGMDGSCNGLQHFSAMLRDDVGGRATNLLPGAKPNDIYAQVATVTQARLAALILPDDDARGREFQRLWLKHGINRKLVKRSVMTLPYGSTRFSCADFIVQDYLRKGLAPEFEQAQYASAASWLSHHVWASIGQVVVASAEAMAWLQKCSKVIMAKGHPQIRWTTPSGFSVVQVYNGYEEYRISSRLLGGMRLKVRSAIDEPDSNLHKNGIAPNFVHSMDASHMALCIVDCVGKGITDFAMIHDDYGVHAANAPVLFESIRQTFVSMYEGNDPISDFAGSYDGLPAQPKAGKLAIREVLNSPYFFG
BAP15729.1,MISALNTVVVPEEALVKRQLELEETYKIRGIERARKLITDALQNGGIMNLPMTQRMLTSAYEVAAAAIDEMRNVKAPGIGGKYRRFLRLIPLDVLTTLSLCTMFEAFSVAPGESASRRQTAQAVMSALGRNVQSELLALQLRNVAPAYMDRVYEYLTERRTKSPSHILRTLRASAENVHYGHEPWTNAQNISVGRLLCAAVFETGLFQWKTGSGNLSMLYPADNVMEAFQQLVESADTVTMKPPMLVPPVQHATMWDGGYLTPIDNRGTYHNSHIDRARLREVAEAFKSADGIKKALNKAQETPYRINKRILELVQEARAMGIGVGMPRSVPEPKPEWYLDGVPKENYTEEELDRFGEWKTRMSLWYSADRKRVSQLRSLLTTLEMAEEFKDEKALYFPTCVDWRYRLYFKSSLHPQGSDLQKALLEFGRGKPLGDRGLFWLKVHVATCFGYDKTLFEDRAAWVDANFAEIEQLTVSPFDCPAFTSADSPWCLLAAAIDLVNAVRSGCPEEHISRIPVAMDATNSGGQHLSALLRDPVGGRLTNLYWEGNDKKADLYMDVKRRTDEKVILDLDKEDFIIQSTYWRENEITRSMTKRPSMTYFYSATVRSCSDYIFEGACAEGYEGTETNSLWNLSCYLAPRMRTAIEEANPAATAVMRYLQNLARRVPASQHLQWYTPLGGLVMNRYTQREEVRVRIDCMNLSAVLVHNRDFKTCNKRKAASGIAPNFVHSLDSTHLMMVLCSAEGLDIVPIHDSLATHAADVDTMHRHIREQFVRLYEENDLLGDITRAAAAAGADLTDLDMPEVGTLDIRQVLESPFFFS
BAQ94080.1,MVTVSGDVNVFERQMDLELEMRERGALRDKKKEEQSENAVNESLTIHGKKLLKASIDNYMLELDLWLNKVNSGQRPIAAKLLEQLDTKTIAVIATKKIIDGITSVRKYTSQAIELGGKIEDELYFREYAIAHPALFDTVDKDLNSRSSHYGYRRSKHLKSSKKVNFQWNWWETREKLLVGEQLLSLFIKATNLCMVQKNWKRNRSFFVIVPTEQTLKWIKNVKDFNEYLNPEYMPTLVKPKPWVAGKTKGAGYFHIKTKPILMVSGHNITSHRNFLDELANYDMPGIIDGMNAVQNTMYKVNKDILLVAETVFNNDDRNRGGLVTSSLIDLPNKPHDIDTNKESLLAWKAEAVTVYTINQKLKSKRLATAKTLWIANKFQNEHEIGFPVQLDFRSRLYYIPPYLNPQGTDLAKSLLKFANAKPIGKSGYKWLCIHLSNMYGNDKVTLDAREKWALDNKDQIIACSQAPFENNFWESADKPWQFLAACMEFDKVNEFGLEYKSNLPISIDGTCNGLQHFSALFTDEIGGVATNLTNTEAPKDIYQLVCNKVIEELKKSDNPIAKQWLDFGIDRKCTKRPVMVLPYGGNRWTFTEFVDEYVEGRIAKGDKSPFGNRTKSNIFLAAMIEDAIKETVIKATEAMQWLQQIAKLVSKEAKPVHWTTPLGFPVRQAYYDQKDLIVKTKMMGRLRIKSSTDKIHKRKQTSGISPNFIHALDATSMFLTIDHAIAEGITDFAMVHDSYSTVAADIDTLGKCTREAFIQLYTEVDPIELFEREIKAVIPEESHHKIPKRPSKGTLDMDQIRNAKYFFC
BAM29105.1,MLSQVELELQAYSFGKERMEKAIARNEEKGVADNNPYAQAVYRRFVLPLADALKAEQQADRGKGRKPAHLKLLEAVDPEPSAFVAVRAALVHLMGNPADNALILLSRVGSAVYHELLLRDFDTLDPKLFHSLANGAGRNMYAGERYRLEVFKAEGARRGVVLPEWEMADIERVGAWFSDQLATLGMLSISTHQLASKHSTMEATLSEEVTELIDGIRDEVVENAAYFLPCVEKPKDWESYDEGGWHTDQMRRLMPYAIKTHAGVRHLLGGADLSKELACLNTLQATRWRINRRILSVMSRLGGKINLGEVLAQGEEPRPDRPAWLLEKMEESQMDEDQLQEFRTWKRLMALWHARKKKRVTKWGRYRQAMDVATRFADYENLYFVYFCDFRGRKYAMTTGVSPQGSDLQKALLEFAEGKPLHTKGAKDWFCITGANRYGYDKVDLGSRIEWVHTHHEFILSAARDPANSEWWLQASKPLQFLAWCMEYRDWQEQGESFESHLSAGMDGSCNGLQNFSAMLRDEVGGEATNLVPLPQPQDIYGRVGKVTEQLLLQVPADPEGYRDRWLAHGVNRSVVKRSVMTLPYGSTRFSCADFILKDYLNEGLVPEFNTTEYAKAAQYLSKFVWKAIGDVVVKAREAMDWLQVSASELIKSGESHIFWTTPTGFPVMQVYWEEQARQIETKLCGRTKLWVWNAVDRPDKCRHKNGISPNFVHSLDASHLTAVTNACTALGITDLHMVHDDFGTHCADAPALYSVIREEFVHMYTSHNPMQEFQQRYPHCTGPLPSPGTLDIQDVMESPFFFS
BAP15831.1,MNQVELEQEIRQAGRDRARRMMERNEEAGRADNNAYANVLYRRYLLPLIDLIREGRKGAGKAGRRAAHVALLEPLDESVAAMIAVRATLTALMVKGEAQARAVGRNIGLAVQRELALSLFSVDQPDLYWEITADLDRRHSKSQNHRYNALVSSAKTAGVDIPDWGPQGREQLGLWMLEQLRSLNMVDITLAHTGGTLRGGGSKSEYLIDLTPEARGVINQVKDLVEVTTPYHLPFIEQPKDWVTFDNGGYHTNEMRAQLPYCVNLQRARRAVRDEYRNNPALTEQMRGAINKLQSVPWQINRDMLAAIKDIAQHLDTDEIVKQAEIPKPKKPEWLSDDHDKASMTPDQLEQFTDWKRLMREWYTDMKLRGTKWGRFYTARRLADKFAEYDSIYFLYQADFRGRLYAITTGLSPQGSDLSKALLRFARGEPLDTSDAVRWFKINIANKFGVDKVPYDDRIKWVDDNDQFLRAMGSDCLSHRGWMEADCPLQFLACCMEYARWRDNPTGFLSHIPVGLDGSCNGLQHFSAMLRDEVGGKATNLLPGDRPNDIYGQVAGVTQKRLEQIDPAKLKEKEVSICARWVAHGINRSIVKRSVMTLPYGSTRFSSGDYIAKDYLQHGKAVEFSKPEYQQAANFLSFRVWDSIGEVVVAARSAMDWLQKSAVSVIRGVHGGEPLQQIEWDTPSGFRVFQVYDENDIVVINSKLMGGCRIKVGSYSDRPAVNHHKNGLSPNFVHSMDASHLTICTLACPELDLAMIHDDYGTHAKHAQTLFTRIRETFVRMYEENDPLAQFASRYPGLAAVPPRGSLDLRQVLASPYFFG
BAQ94309.1,MNNTKGITLPFSILKEQLDLEKDMRDRGIRRFRKRLTEHKQRGEESFTNYGKTLLSNSIRPFSEGIKAFCEEGKKVSGVQPIARKLLSLLEPDIIALIASKSIINCITISRRLTSAAINVASKIEDEVALRTFEEEKPEHYGIVKADLDARSSGYQYKRRKLRESSQKNNIEWTVWTRSEKVHVGYKLIELMCVHTGLCDVETIIKKNRREKKLVPTQQTMDWINNRNDFLEVLAPEYFPTIVAPRRWEEGSTKGGGYYSRHIKPLTLVKYRKRENLKHLENIEMPMVYKAVNAQQDTPYKINTFILDVLDKAWEKNIAIGNLPIAELLSLPVRPHDIETNKLARQLYRIESVKVHTDNARQKSKRLLFAKVRWMAHMIKEKIFYHAHTLDFRSRCYQVTNYLNIQGVDFAKALHLLGTGKKITEENKGDYWLAVTGAALFGVDKVTREEQLKWVNENLELFKKIQEDPFVNREWEMADKPFQFLAWVNEWVSFKNVGYGYLSTFICNQDGSCNGIQHYSGILKHTASARAVNLGKSEKPQDVYTVVKDTVIENLKTMTDNPFAKLWLQFKVKRSTVKRAIMTSPYGSTRYSCSDFVDEDLVKRKDQGDEHPFGSSSFQACTFLSGVIWDSMGEVLSSARLGMSFLQNCAKVLSKNGHAIRWVNPVGFPVIQDYPEFKSMRVKTRMFGEIIKPRINVETEKYSVLRASNGLPPNFIHSQDSAHMMKVVCKAYDKGISHFCNVHDSFGTLAADSQVLADTIRETFVELYDNDCPLEGFKVSIEPTLTEEQRKKLPTVPEKGDFNIKEVLQSEFFFA
BAQ94272.1,MEQHDLNQEMLDLGVQRYRKNRTSNKGSLTNAGRRIMREGVEPVTLGLVELLPTVQKIKNKSQWQRGLVDVKDFRPIALIAVKATLDVLDEPRSYASVCFRLGRAVEDQLLSDNFIRNHEFGSRLVKRMQDLASRGPATQSAYLHKTARSEDMEWTDWTRRDRISCGSMLLEIVHDRTGLIKFTDKAQRQRRQYKPMRMVEISDVTREWINDYDTYRELLLPFWLPMVESPEPWHKVFGGGYGINKDQGLPVLPFIRCSDRNVLRMAPDMPQVYNAVNLIQETPYAINNRVLEMLEWAWEKDLQIGLPPRNDLELPEWPGDHMSVEETRNWRDDKRERAAYNTSLGSQRILISKILMLSRKFRNERMFMPSSCDFRGRVYQVPSYLNYQGPDHCRGLLQFHRGNPIKSDDDLRWLGIHGANCFGNDKCDFETRLKWADGFTRDAIRIANDPKSNREWADADEPWQALAWCFEWAEYHTKRSKNFRTFLPCAMDATNSGLQLLSLLSRDEEGCFATNVSPTETPQDIYRLVSDHTLGKLKQDAKDGRDYARLWVEFGIDRKMSKRPVMCYSYGLTPYSNRDYVADWYDTTRRERGIDCVFGRSHMYPAIKYLGDLLWDSIQTLLTKPKQVMDWFQDVSRLMTRQELPLTWTTPSGFRVSQDYRKQVSRKVSTWLNGSLTSVRFKDATDDLDPRKQSNGVAPNVVHSLDAAGLVLTVNESWKRGLYDFAMIHDSFATHSNNCETLASSLRDSFSEMFTKDILAELAEAWQNESYEELPSLPDYGTFDVNTLRDSKYFFS
BAE72738.1,MEIHKRPIRHCGLAAKVSRLNSHITGTNMLTQRELELECYGFGKGRASTRIAQMEAQGAADQNPYASAVYNKYLGAVSKELAQVHGDARSDGLAHLVIRQALVSLLAKKQPSRREFVEQLGTTIYHEILLETFDTLDPDLFHELSRGRGRNLFGPMKYRLQVFLEAAGLHGLQLDLWDLERVQIAGLQALQALMVCNVVSTVNDDTLGLSEDAHSLIDDITAKTIERAAYYLPCVEQPMPWTSYANGGWHTAEMRRLMPYVIKGKGEYHKALQAADLSQELACINSLQGTAWRVNTRMLAAMEKIAGKISIDEIVAVPDADAPRWEKEEYRKTKNRYKQVSNVAKKFEAYPAIYFVYFCDFRGRKYAMGSGINPQGSDLQKCLLEFSTGLPLTDANAVDWFLITGANRYGYDKCSLQDRVQWCHDNHGEILAAAQDPLTGLLWKGASKPLQFLAWCFEYEAFVEQGPGFVSRLSADMDGTCNGLQHFSAMLRDDVGGAATNLLPADLPSDIYAIVAKRTQKRLEQAEKDEDGLIDKWLSHGINRSVTKRSTMTLPYGSTRFSSAGFVIEDYLRKGKAPEFDPSEHNKAGQLLSKFIWPAIGETVIKAREGMDWLQAAAKQAIKQGAPALSWTTPTGFPVWQVYNQIQVKKVRTKMAGAAQIRVYVPGDVADAKKHAAGCAPNFVHSMDASHLTATVTKCAEAGIKDFLMVHDSYGVHCCHAATLARVLRDEFVKMYGAHDVLAEFATSNGVDLPRPAPGSLKLEQVLASDFFFS
BAN92342.1,MTQDAQLRYELESDAAAAAARLQELTEAARKGDAEAPRAQRLTGEMHKQVVELLQASIDTKTRGTGGKYKTWMRRLGAEKAALIAIRECIRCCTKITLKGATAGASAQMLTSNIGKLYELEVRIQEAEEVNPMYMEKIHEQVKDNGTKDYGHLRRLYNVAYDRVMKGELDSTLSDSEAAQVGKFGVDACYEAGLIKLLPSATVGMALYVLDEEIVDYLVGYDASDVHRIVDRGAGAMMCPPEPWTGLQDGGYLSARRKQQFPLMPVGKLRRSERKRIREMFTAEKMPLVFACANYLQSIPFEMHMPTFRAVERIWQTGGAAMGLPRKEKPVKPPFPFPDTWVKEDATEAELAAFVGWKRQATAYYTSLREWRGHVMEFGGFLKMARRAGERMWFPVMADTRGRWYYNGTPNPQGSDMAKATLHFADKKPLGVRGLFWLKVHIANSLGFDKVRMQQRADYVDALWPRLEAALDAPEDHAELWGTDAPWCAYAAAWELREALRTRNPETYETGLPVHMDATCSGLQHFSAILRDPVGGQYVNLYDLGGDAKQDIYRKTADVAMTAIAAGVDSLAKSIWLEKGISRNAAKKPVMTYVYGATLRGTAEFLEGEVLAGREDSKEKGERNCDIANVGAKALFAGIEGTVPAAANAMRWLKEVCRTVPKNTRMEWTAPTGFKVQHDYQKIEEVRVRINSCGINRIMFYEPLDECNPSQMQNAIAPNFVHALDASHLTFTALAMQKEGFSFVGIHDSFGTHPCDVDTLHRHIRQEFVSMYEKNDVLMDFLWEVGGTGEVPKQGNLDLRKILDSEFFFC
BAQ94245.1,MHYNFIKQSNKRYLEELNNRWHEFPVISNAVNIMQRTEWVINRPVFDVLDACVKNSFALGKLPINPEDIPLPPKPFDIATNKEAKTKWKREASNVYKERAKAKSKFIQVRQIQEEAKLFLDIGFWYPYQLDFRGRIYPKSPMLSPQSADYARALLKFKFGKPMANEDAFNNFAVAGAGLFGETDKEELSIRRQWVIDNADKIISTANNPLTDTFWCEADKPFSFLAWCIEYRDFANTDFDPKFITTLPIHSDCSNSGLQHYSAMMRDEVGGKATNLVPSNKPNDVYGIVAEKVIERLKESTDPMAKKWLKYGIDRKICKKPVMCLPYSLTQYSCRQYIQDHVEKELVERNKPHDFGDDLFKSTHWLTAIVWKSINDVIVGAKDIMKFLKDVAKLVANENLPVAWTSPLGLPIFMSSYKKESKRVKTKMGDSIIKLSVSSETDEIDRRKVQQSICPNLIHQLDSSVLSLSVVKGSEIGIDNFSLIHDSFGVLAPDADKMSLALREAFCEIYSKDVLANWAMEMKQMLSEKNQKKFPPIPAKGNLDLDLVKKSVFFCV
BAQ94003.1,MPTPSEIDEQIALERQQISQGLQQLHSNTAKLEDKDYASASVYGVASIEQLLPDVVRRIETTTNRIKQGKLGVAFKEINQYLSGLEAEAAAAIGCKVTFDKVFSTKPKSNLLQSVTDAIGQALENECMMRHYEATVPGLMHTLKQNYWHKSIGTHQKVVVIRTLMNRYDVDHWKPWGRPNRIRLGSWLLDCICESSQWFMRTTKQEGKRKYNFIEPAPEFLQIKDAVMSSAELFSPIAWPMLVEPNDWSNERQGGYLLNEIMKGHDMVRRGDSTCIQGETPIQFLNRIQKVAYTLNPFIVDVAETLMERQIAVGKFIPVVEVPLPPKPVDIAENYESRKDYRRRAAEAMNINAHAFQKSCRTRMTMNAVKIFRDKEKFYLPWSLDYRGRAYPIPAFLTPQCTDFGKSLIRFYEQSYMTPEAEGWLAFQVATTYGLDKATLPERLEWVTNNQSLIERVAKDPIGCMSDWECADEPWQFLAAAEEYYATVIACTRQHTSLMVATDATCSGLQVLAGLARDESTARLVNVVPSNKPQDAYKVVAETAKPHVPDSVKPHMDRKTVKRVVMTVPYNAKPFSNRSYIRDALKDKGVEIEKEDLNATVKAVRAAMDEVVPGPMRVMKWIEREVAAAIDRGEQELRWVTPSGFVVTQRLMKRKTQEIKLILLGRCKINVATDEEAKVDRAHHKNATAPNLIHSLDASLLHLSALRFNAPLALIHDSVLCRATDMSILSNVVRETYMFLFAEHDYLTCFAQQIGAETEPPIIGDLEPSRVIKSTYFFC
BAQ94423.1,MQAIRSSWAEQELQEAKAKRRARHAHQAAQRRIKEVGKESALPYGQALFDITIEPVAASIAKDFEEFVLDPKKARKFAAVLPLFDIFDNPTHVAAVALVAVLDQLSRKMRYPTFCQGVGWAIERETRLIKFGKIDSLQLRRLCRSGWSRRSISNVKTMREIGIPVSEWSDVTRLQVGGFLVDHITQTGLFKVVRHRIGRTQPRFVVPSDEALEFIKNCPERNYRVSHTAMICEPRPWTGLYGGGLLENSEPMVRVAIQDHDDQGRGLAHFQSADMAKAYAVANHLQGAKLHVSAEMVELQRIAWDNGIDGLFPCSRDPIEVPPRLGSEPNDAELRERNRLAAMAHRDREVNRPRRVKIERSIQAAEELAGRDIWQSWHADYRGRWYTGNKFVTTQGQDHEKAALFFQPQLVGQDNLKMLLMAAAGHYGLSRSKWSERLQWSEDRLYQLMAAADDPLNRLELWRNAKQPWQFLQTCMGIREAVRDNKTGAPIRFDQTTSGCGILAALTRNARIGRACNLYGTTPHDLYSDVAAEVTKHLKHDQQFGEPREKAMASIWLEVGVDRSLCKGPVLAAPYGGSWMSVADGLVDVLDKHYGYVPLSEYSYRVAAPSKYMASVIWTELKALIDPVLEVKAWMRKCTKKLMPKGFPIEWTTPMGWPMRIADRQPTTQKIYTQLYGTKISSNIQDQAWESPLSYTQANKGIGANLTHSFDAAFASSVVYWAAEHKVPIASNHDCFSVLPCHASDFHTTLLSQFRELYKPNWLMEIKKEMEARSGISLPDPPYDGSLHVGEIGNNPYLFG
BAQ94481.1,MTSQQSNAGNDRSALSESQQIALEEWCVGTGGQRATAGDWMKGADGFMSHAFAAPYLEQVLKLYRKAKSAPTNFGAMWGLMDNEKAVLQVAAESLIHVISHSMDGRKRNSIAAEVGKRAEFVLWLNHPMWKDSWHLRGLRLANGRTLDMSLIRKRLIDKGFKKAALYQPLTKEERLKLGTMFVEVVAQTTGLMTFEAEDVGRGRKALVCRMTKAYWDFMRNWQRNLLLFRPVYMPMVVPPGDWTAHDDGGFVTLGTTCSTVPWERWPDQMQQAHKCVLGSLNYLQSIPFQFNHEQIALQREVWDLGHAIGSLPCRERMEKPNNRKCMAERMEPTEYWNLYWKWKGDQRANTQRTHFINSLVGYQRLKDVDRLYWVWFQDSRGRKYQRGSQLNYLGNDVSRSQIVFDRPAPMRGHEPEFMWALGDAWGLPKEQRDREIWASEHFIQLMKTGSEPLDCIGWWEQAKEPWRFVALCRELSNYMEDDEYQTRMVFQLDQTCSGYGHLSCLLRDGDLALLTNVTGEIPSDLYEAVRMVVQHQTMPWHSEDERTKKCADWWAEYGFDRSLIKLCVMPCIYGRSHTSMLRIIEEHCRDRINNFLTKDGLRVVELARILGFAVNAAVKVVLPTVGDLQKWLRVLAKASVDQGKAPSWVTPNGMKVLSYGMETSEHSMYLELSGRLMKISCGLDDGRLSKQKSYSRLTADYIHSMDAAFLERFIWHWKTYEYPLVTVHDCIGTSLDKVSLLSRELTDQFSRFYSEDHLSKLKQRVEDETGQRMPWAPYKNTLELHEIGENPYLFC
BAQ94429.1,METAPNLQAFEYSVEDARRLKREEDRAYHRAINQHSALRAAGREGSTSYGTALFENYAETVAVAIDGLLTKLIQDPSLAGKHYSAWGFLLHFCNRGPRSIALITLGVIIDNITRGLTRKVMAYRIGKALQAEFKAIRIHQAKGQTLLRQLKKELGRGVVKQSVMRQLQVGHDKWTVTECRELGLLLLELIASNTTLIQFEGQRVAPTECSQELIDLAPPRPLPVRSLPRLVRLQPWEGAMRGGKQLVTSRKVMDLSHITDESVQPVLQVINFVEGQALEYDPWMLQQQRAAWDADLPLFPVSREPSEPFERRETVIKRVRVEEVLRQGEEISGLPFWLEHDMCFRGRVYAGSRTGSHQGPDHQKALINFRAKEQVNGSAFDRMLEAAGTHYGLKTDWNSRRAWAANRRDLFRRIAANPLDQIDHWKHAADPWQFLQIVKAIADHLEDDRCASGVPIRYDQTCSGLGHIGALIRDRELCRATNMIGHRRSDIYTEVMQLVRNQLELDLHSFDFAASRNAEFWLQQELGRGLAKGPVMTSVYGSRYFGLVDQFTSWLQEKNPGVSVADWEKQYTRPAQYMARQFSAVVKRELEGCLKLEQWLKDVSKACTKKNKRVEFNSPSGFPVALGAEVDKKQKVTSDLYGQKAWSFAEEGHQPGTLSARATNRGITANVIHVIDASYCHLVLCRCAGVGAQALSNHDCFAVRPSDATFLHGALLQEMRALHMPEWLNVIREEVSQNAGVKLPKAPYKGNVCEAQIGENPYVFS
BAQ94246.1,MSAETHKTPLQLQLEELVKVGVGGKYKDKANYIKVIQQELEHEEAMLRGGSDRYNKTVVDAKAKGQESTTLYGLVLQQKYITDVSEMINEDVRLMSSGKAGNHQTALKIICQCLPSTAFDKGVFLDNRPSIWDICSLIILKNVIDGISDEITINKLSIQIATGLMQEARITQFKEQNKESYNKTARKLAGKNIPQNANRYQYKSRVWTYMMNRNNLRFDDWTNVEKLHLGVKMISYLEKLGLVKHQNRKHRKDKTITYVEATPKIIEEIRNFNIKNELLFPKFLMMVAPPRDWTSPFTGGYYGKRFNKENNPEEIASALQFHKAK
